id,journey,entry_friction_relief,mid_journey_friction,exit_friction,hidden_fee_intensity,switching_penalty,cancellation_cost,transparency_level,frictionshift_index
1,45,0.6798205571473407,0.8785684172094246,0.8939391176896708,0.5749957234308523,0.5389937221851604,0.3877113416348337,0.610528581035454,0.6093254036590169
2,27,0.5507979961632816,0.667008728128601,0.3803542496597643,0.33976355029226807,0.38981773270096476,0.3581416376107768,0.7685020915306406,0.41611400678540955
3,47,0.5894648750381754,0.6731264097486945,0.613103470499969,0.6518806748773418,0.318963435373938,0.2693946739002337,0.2863942371210407,0.5261674479855112
4,55,0.7117538181453745,0.2878826852836411,0.3840313581602868,0.1437917237162511,0.3285377616813939,0.28067672390590326,0.5153613580343449,0.3046762273930436
5,49,0.1511678486445617,0.4035217162404028,0.508686151244306,0.5481774112262996,0.3217885536522159,0.521591086708171,0.7022414476849915,0.5043076039347865
6,2,0.6888475181809767,0.4405823472011201,0.38260470788204604,0.3314883983348176,0.3807255000238787,0.13937658339832376,0.7779707743639817,0.33140270637884583
7,18,0.26635065975604666,0.7346866856636246,0.7639201557403634,0.5463654112850685,0.25173829323702457,0.3813987691565839,0.26428448299991697,0.6003317290059973
8,64,0.6968762730800724,0.6503487833816777,0.5118310794151134,0.6188341153663377,0.3895300219655381,0.3733523860649758,0.4377546220250336,0.4921889210924647
9,15,0.4435397809198762,0.5769791719385461,0.6169028013580289,0.36824828210246685,0.45149120786069336,0.4167558969574259,0.18915943200837088,0.5306081057641037
10,62,0.6939039976548439,0.21612502991524982,0.3748463235930354,0.3888407575522217,0.39994624539703727,0.39349222737358314,0.5778400353066664,0.35160156985760627
11,3,0.6474482520091666,0.36959412154466886,0.5546836579394652,0.34500077873025764,0.48282350227271537,0.4221851767008946,0.7337787708357555,0.41418437020602494
12,58,0.3444672635390124,0.5688218112378416,0.4422587527427561,0.19951844069705904,0.2786153747040472,0.2960765285874435,0.46129044632650884,0.4207928741456126
13,20,0.22018952290086663,0.6226751056167465,0.6086745397733723,0.49632217967092046,0.3103208301142933,0.3799325186203844,0.26072564112394053,0.5581267075551118
14,30,0.36066934913328424,0.3403241266257726,0.3464008000977179,0.30916519726689373,0.3582323246541715,0.2724549289954895,0.15990837034595798,0.41275919026707647
15,56,0.6017300877874194,0.5940247361836338,0.469532181671188,0.5908698017667735,0.4664151915388714,0.4494628353386339,0.37262454329866074,0.5086710537082493
16,5,0.8438321722568605,0.6803341068052131,0.47358310998527037,0.4162283808037226,0.34982782417311714,0.27269037250996697,0.5245235133052691,0.41176697491953423
17,15,0.7685469997512555,0.3962461890589123,0.4108758734182044,0.27808659491969473,0.25891137103463613,0.277462380675807,0.1216729409864335,0.36228108250207347
18,21,0.8548981900608136,0.4372579178725858,0.5648906463990369,0.4414904106153481,0.38042215495573123,0.3210885074342421,0.6588808916504463,0.3929713664832386
19,52,0.18620355418014997,0.4214704750480313,0.39292348115485676,0.26921527541588347,0.33040841351739725,0.31029774320159037,0.7614809062429547,0.4056003532971668
20,28,0.6078267504100018,0.6260023211557865,0.679205163258434,0.5601635636197186,0.4960519126284435,0.4572687109696459,0.1689661047523161,0.5713340538625217
21,17,0.16815297826253364,0.8225645788955809,0.4697861913819494,0.4041636928607183,0.4763655239973167,0.12144253979882635,0.20076206478469286,0.5518956577533511
22,26,0.6327339593859198,0.26480086685808957,0.4752834588387426,0.31248537199368476,0.27692190880205036,0.2911638885212484,0.22387933189161813,0.3746381229735111
23,16,0.6676768361854059,0.7492644793167914,0.6514202903295061,0.5679184165059736,0.4283397421335319,0.41582621451058643,0.7757320949652285,0.5153667063743333
24,17,0.7528389248361391,0.5576809364267349,0.49610775744943425,0.31976680323511336,0.4365886402505209,0.30030474093935444,0.37258526534435915,0.42156789767896985
25,41,0.37930186904806534,0.5334240989425504,0.5146127915188347,0.2912797630762651,0.5222783920116005,0.3495829774604961,0.652987945084023,0.46460281113021007
26,52,0.5224630905028311,0.8915215963654379,0.5560033043583514,0.7095273729159082,0.546130195909771,0.5362403377547884,0.29128217637433695,0.6317281571342848
27,66,0.5107359734694727,0.26309682652762356,0.4162180057557117,0.3389335744186327,0.4092659952895463,0.3053898733375044,0.15347890817085882,0.4097311405041856
28,23,0.5069918517408623,0.5142256764190831,0.38384461559265715,0.46102165736450756,0.37539494122445083,0.29164686602982504,0.19832070385745348,0.4535168966665911
29,31,0.6237150429277096,0.686382129097249,0.3582598034394804,0.5184609496500107,0.42802760753913077,0.35786047373879926,0.3224419096992792,0.47417851640577013
30,29,0.5524949286298076,0.7429191346786994,0.5915241325505681,0.6351498317426887,0.638105281179753,0.6012333065271883,0.807916179504303,0.5782960129174465
31,24,0.564060093053885,0.24942424902802499,0.502652612301563,0.4390799331552192,0.2085927227561216,0.49381051400666504,0.6836437659499165,0.3854915201727513
32,56,0.4111968216307734,0.8076071690439257,0.7229003097654918,0.6314424360468139,0.39463851481667006,0.35258232438413106,0.5190575641565612,0.5932951096072131
33,18,0.2075442716995114,0.6195647578012545,0.6363834209072659,0.4545593537434536,0.21935789456364463,0.25165678493617427,0.4243489306676199,0.5170413489685164
34,63,0.254769065234864,0.580488926990525,0.5076566402129328,0.4492025003491613,0.39329892000949546,0.5467235807243016,0.4718291351642794,0.5335366349591587
35,43,0.5058508060812205,0.5840464651611798,0.35706988010598983,0.5260819654829259,0.4087142616782802,0.3498441043395809,0.28734526400032445,0.4744290801085671
36,24,0.35061162626466347,0.6157816917043634,0.9826415300722835,0.6988151433094751,0.6083917033677078,0.5194791431276458,0.14322427080985844,0.7138325659216258
37,66,0.33780461881725404,0.6615638838315004,0.3862635238697957,0.4784122407356347,0.32902857159599985,0.25904046474924847,0.4647794097560959,0.4723227410831473
38,56,0.7550820918628686,0.9077257183273928,0.5839229208562353,0.5167356975141972,0.39460964875346427,0.2877858828848435,0.7066481199639759,0.492234725019648
39,66,0.1085469785011771,0.777261186556936,0.6046121080694868,0.3659552105125534,0.2318895904641687,0.1490460593136182,0.379169793975314,0.5286569544194435
40,66,0.9068087559310005,0.42536570064347057,0.5454971978434311,0.556564490499271,0.5616376441255697,0.5557788036308473,0.6646398361857124,0.4514065840396093
41,30,0.6788847305480952,0.6499351005412976,0.5284375577290089,0.1698078514020282,0.366876772633432,0.0,0.18587031360686837,0.3982956446601316
42,42,0.6658559956922842,0.8229339838748001,0.5400651436150212,0.5882802004552283,0.3977907962263528,0.2638350919781943,0.8843095559339459,0.47719361685324607
43,35,0.6764172477389009,0.830328693249338,0.5236127896450135,0.45075320609391817,0.34262190363789624,0.2877051708322415,0.1085396618078215,0.5088057612050263
44,31,0.6280169619050949,0.5817510324190364,0.4708614463979855,0.579809239647862,0.5988081139840308,0.5437913738951399,0.5518606821353889,0.5170388043979376
45,11,0.7028727358713602,0.45190343038647596,0.4353161713553575,0.46720635560634916,0.2621257428238094,0.25726257106576483,0.41828188853986714,0.3898251784479688
46,38,0.3184655731543433,0.7178252179865415,0.6121675239031519,0.3784232959281981,0.3869774341342346,0.304452912009137,0.41081815764643986,0.5310938243735548
47,43,0.07931112926236639,0.3505681759330632,0.45641162402826885,0.4510732353281899,0.16366296679861456,0.46390399008679795,0.7420566635785538,0.44765815358666056
48,22,0.36433453132586174,0.8149237539602023,0.51446156846712,0.539617497262814,0.5645259461292362,0.3767766745656391,0.6507009314844626,0.5608028383906988
49,51,0.575283705680934,0.8531891795126545,0.6979091737483729,0.683019900656979,0.6087353184996394,0.4774534485827082,0.4701017829858334,0.629744784562493
50,14,0.26494322752305977,0.5136907436838989,0.5048282737737176,0.4634721628682304,0.3465533767133788,0.37151622269103335,0.31101930486008816,0.5084375430238458
51,61,0.5092991852902136,0.7240487696433919,0.5494198585682661,0.4886374876687317,0.3410942095482664,0.25737611663002397,0.3004971661566719,0.5072104369827896
52,47,0.19585747385374833,0.4394666087012741,0.21058651923270355,0.36803996381277737,0.4282726162383053,0.1404458348090974,0.6351779163871744,0.38989574224874474
53,26,0.6754826881650551,0.5689050697322906,0.5418157122275572,0.6066931638162372,0.484169866486585,0.4860546258693915,0.4542730206674367,0.5116597782292222
54,58,0.5291765268328757,0.8174140008280881,0.5933575560935467,0.42739549101554825,0.4846850063224347,0.20044213550189444,0.5745761043598231,0.509699184953671
55,63,0.6005008015135614,0.27229485514936297,0.44409246006000325,0.4754786192010509,0.21871868783215045,0.3767240902232622,0.70646981187372,0.3637020578695632
56,36,0.25563231504425776,0.9172826720347478,0.559567571270362,0.4946709524409867,0.48471777186807224,0.45675059575865967,0.3481777693528474,0.6168539080683353
57,10,0.841826542985881,0.14525962758987737,0.4799393601680709,0.3195308112479849,0.4121145527886058,0.3258585203318315,0.6269612251123166,0.31914078805088814
58,20,0.4949714771592823,0.5426945628368302,0.3720541954602982,0.3915444588251954,0.33518375456331767,0.19738751356929776,0.6048691547893862,0.39681577063971357
59,35,0.7298532219164243,0.5369734542453418,0.5936470765923296,0.3212948803556923,0.3720062516912199,0.294280959066737,0.5926948571072065,0.4138518995425347
60,60,0.24747152817532403,0.28308068081569876,0.31693348232481655,0.5169167670832115,0.2884744121882907,0.24717186005207006,0.3012454773768344,0.42268767690670594
61,41,0.5705352046601425,0.5076801764873565,0.4123690686040419,0.4742890366041894,0.3008693398787403,0.40213992836765633,0.678189270435778,0.4158373165153159
62,61,0.8631871500643022,0.5695222598875291,0.3739164442022834,0.30382923188111377,0.3770813014519191,0.19182372947413803,0.6694443867991353,0.33592800531067163
63,33,0.6395426557648702,0.6697980249336138,0.5128662539281282,0.46493573528833604,0.2580855308761688,0.35064473180993144,0.2899341789631666,0.46960928843685795
64,49,0.8486906875541514,0.6172533942682228,0.42948599095246476,0.3590893886597668,0.4418500137985108,0.249302987754362,0.6798603130455639,0.38068188262006
65,38,0.7549253743332127,0.8876077723243382,0.4891891578513831,0.42250235874403075,0.3975676273438654,0.3848849130417599,0.40518100184240624,0.49119707738032575
66,37,0.7424496094765544,0.29133203580748945,0.28463229183550764,0.3139213559684934,0.2537171323596446,0.26496665735015434,0.6534731344762384,0.28486260237881084
67,31,0.6046890213101642,0.7902330849333747,0.6578025524781274,0.5242209159424481,0.38577939405740685,0.4446586097238292,0.05373115676062874,0.5802863434463803
68,2,0.5163423519115691,0.6537563175718774,0.5357540065314496,0.3729553131222455,0.4685465980710049,0.36524412506289794,0.505769369931779,0.488101002092676
69,39,0.6808736731703825,0.8527698097162286,0.6157184186047873,0.6045690062065276,0.535583300532384,0.33038246155717427,0.3912863739578924,0.5643202275695082
70,15,0.5540890352274945,0.5964062321650779,0.41796171063778337,0.48826950441260175,0.3435760664961382,0.22696654422441653,0.554039985783189,0.43058143080187045
71,64,0.6981721916068874,0.7408443838440557,0.6829069768274236,0.5918588752487893,0.5110570647201836,0.5016385767394618,0.748187780048104,0.5439594058610885
72,26,0.49451387339269387,0.16711545137309336,0.2420424685647929,0.3890827026351841,0.4354693879381384,0.44831906299213653,0.2982363390817633,0.3790733508231605
73,55,0.8485251702304394,0.530476091769043,0.3523761646493778,0.381602542921515,0.272620023885697,0.5697413417693047,0.2903868531872984,0.4009191067494336
74,24,0.9512763410573963,0.47872215111927313,0.7441170597795208,0.3276754722548258,0.6024068617151473,0.3696047855805376,0.6488922617252435,0.44144649791949014
75,37,0.3940629129854668,0.7888765355768336,0.5783160982632796,0.5258734540663715,0.5190544253634286,0.41063125307820414,0.6827262152346084,0.5581796828790992
76,52,0.8928576185422928,0.4391479914673365,0.5518020416708792,0.40803495806878454,0.480615360801996,0.5102830597093464,0.3353956223418303,0.4425980815540888
77,43,0.23390146895195738,0.5529661362230166,0.5444146595071042,0.39580809971372144,0.3933396054696971,0.024427084089934936,0.41952153488939836,0.4723776760634228
78,58,0.29561461912379255,0.5780305408600052,0.5043438476192837,0.6315310652047059,0.4768394158246827,0.4944315607671134,0.24941043304703336,0.579149050680626
79,47,0.3455988023234681,0.40376327385066685,0.5969709373761539,0.36440466854367265,0.5427484081090959,0.5186586436343575,0.34851018677357987,0.5242602253625495
80,29,0.5390171586567664,0.6436929923919327,0.4870019855917743,0.35093448759963874,0.37887890915711775,0.37716664442391573,0.34519333027408144,0.4717659698959989
81,20,0.7231375614333213,0.8418775165369387,0.3976730279069709,0.36866283051860416,0.4848435905718519,0.5162228657030975,0.44816863805202495,0.48595315802988504
82,53,0.2114510162349839,0.6808717944599672,0.48057540137214183,0.37354258316839944,0.559146378566368,0.3332650790463519,0.25314034722645806,0.5532393131288065
83,52,0.40745139526039353,0.5208370298520637,0.43610662865203104,0.4938107352712688,0.26958731173716544,0.1950728432904007,0.6591973646466045,0.42093694848000723
84,47,0.1580805683308819,0.6033474678962766,0.5847344896953732,0.3240158261389075,0.4061148041833748,0.1680777307246169,0.43465377312130526,0.5054468438413028
85,62,0.3230690251475706,0.34027408035399037,0.6336490941934182,0.45422205039398245,0.4504847123920882,0.4947690669816481,0.3277671760973893,0.5248383099225984
86,46,0.3809195582842811,0.4364912778228877,0.45537469745333037,0.38943902357972904,0.33220333166068217,0.2491890470296113,0.16930041605531096,0.4527621683469094
87,52,0.5800640654811544,0.6995209036950976,0.472983999557544,0.5750078221590487,0.3711849426196052,0.4671914734250264,0.4936070967147675,0.5058527279213771
88,33,0.43427099262457397,0.7935493978098789,0.6724561838707979,0.49296690771665286,0.559484207495309,0.369395725383985,0.06605057971063003,0.6169071364095354
89,26,0.41016906491642324,0.48560842347044936,0.26699756589362106,0.3953225566951536,0.5482098300186626,0.5218087589284992,0.5295107612342533,0.45393036729221387
90,53,0.5890809338654416,0.2722646836164172,0.32084311498979945,0.47130066494426354,0.35385295650999093,0.3274863202793844,0.1997885220490548,0.39352243860750746
91,49,0.6287472135056058,0.7145318046759467,0.2379573366136956,0.11910947552032938,0.4364333192961605,0.08643945407089723,0.3183528146654971,0.3589546362800889
92,35,0.6775129013827159,0.7897380961785235,0.40264529316219333,0.4416848638885992,0.1626477865235581,0.21808164510312097,0.6852238052201252,0.39682750915766074
93,41,0.9359853153099618,0.5731378767615655,0.316369714321766,0.3866470685663125,0.17264277145064744,0.16762637089328966,0.8017195744264138,0.28594917652959134
94,23,0.47560589418430393,0.7347085937055351,0.4933816477606525,0.6450313005246873,0.33155659229112006,0.5135275307515789,0.42717322257762363,0.5467172562478999
95,50,0.8974333874246552,0.4097888270533725,0.5993931471109331,0.40156681954821055,0.3943413423578007,0.37531542566736004,0.38409046430798827,0.4135732605045244
96,19,0.530881922794261,0.8000582974823185,0.5136138849103306,0.5333035485326157,0.45494471292621697,0.506877056682999,0.6618978808919005,0.5333028792935373
97,43,0.6152036734819722,0.7993599852624701,0.5856874473226994,0.617225769056865,0.4973677253251998,0.3551203601879677,0.665662781593576,0.5366555981087555
98,45,0.6521407766503712,0.48537050134745624,0.2893033066179836,0.4850756976180993,0.2807322622970534,0.23218287069674212,0.15689155634446972,0.3964454811246726
99,2,0.30856385096308697,0.6684786131307323,0.36814027006130046,0.4014680786943869,0.35401087080001226,0.2620803071529303,0.3723059611392105,0.47284726744866346
100,63,0.8239924509835358,0.7064915012766873,0.5517743976908027,0.4827359551099655,0.468078859135194,0.4245463969500276,0.3590939356911056,0.493021422479972
101,46,0.6701382350397027,0.7654576270805085,0.5080687249656247,0.5638559043472455,0.400847971275259,0.36800860330835666,0.1400621701422736,0.5295593318801644
102,59,0.7618612526509521,0.9214839649925516,0.6490525106874914,0.5924391683879671,0.52228227171291,0.5337583977038701,0.436951684478557,0.5875920191132352
103,29,0.313281100485962,0.29965484355897637,0.15549963066397543,0.22290527093034979,0.13051232671000484,0.27765573000708776,0.7326470557662781,0.28382883926200153
104,16,0.7349615387844733,0.7921859429274815,0.6485594334296143,0.45942687631931267,0.1568960460010956,0.43816570674979405,0.7014883080177836,0.4655015889442897
105,66,0.4521956085728534,0.652430907785584,0.5407329452111143,0.5594143672882043,0.3598782295607652,0.4395786182262649,0.7352740545665281,0.5030449098141662
106,8,0.5969306156321378,0.43963774153518687,0.5118888355340308,0.4651422485549933,0.3682591905035904,0.36587130924611494,0.40919985686048127,0.44629713456393366
107,27,0.6926853172269484,0.4508597462123114,0.5090324857072375,0.28975043407715756,0.43327326189198423,0.30105541107756717,0.4615463994773053,0.40318937561199114
108,14,0.3552276428236849,0.8755827567273385,0.6406338288066358,0.5770743352882025,0.4353047811351655,0.42575335658345664,0.45245028099101964,0.6066570801581542
109,5,0.5068924800561849,0.577201212492227,0.3795677165484965,0.26032443505911584,0.3626618587660604,0.31022984705669465,0.40189450651548225,0.4148013810628615
110,11,0.8302535090111154,0.5724919002554528,0.23312037315102896,0.3863579265414895,0.27799691210345023,0.10996470801155833,0.5552924360522232,0.31149649342785257
111,59,0.7445199850017107,0.8482783400372323,0.5043726609205961,0.5239205204811732,0.3530481677797289,0.3357766608164945,0.22675829955779145,0.5077728307893427
112,14,0.5092164544242209,0.7345160937521277,0.6638690936807768,0.48241525180968353,0.55645134999904,0.35027041307979156,0.5911548861431195,0.5488357780846452
113,15,0.6635768633379914,0.408298823767173,0.4738847882108236,0.32790901549791035,0.17201303997863515,0.16377366898817114,0.5796914908691678,0.3370287976633154
114,60,0.7836281850299409,0.8836836511663938,0.5220338298349223,0.5160268129830583,0.3453919310421441,0.24147618800577877,0.847870202227451,0.4481548910551026
115,11,0.7721556535660515,0.724473732834863,0.6332170970954446,0.5336961363383201,0.35692133844357865,0.5469096653295089,0.6846632078759546,0.5006738975791167
116,15,0.5316360804996269,0.6044222174187059,0.3251462059466874,0.5911069316299109,0.5407245695096947,0.42083549511752355,0.236204536664504,0.5091901899794682
117,37,0.3803499624375979,0.7680925751251882,0.7448982851365682,0.49383120949738574,0.4140857570919386,0.4688223422841908,0.3353543375249599,0.6050408078906392
118,39,0.824051023662188,0.6025918073699722,0.5369781631103457,0.5698120200994379,0.3879586443970962,0.5542882377392544,0.076786003941411,0.5142990201334595
119,30,0.30639588960599917,0.6495376695909478,0.7166099016643539,0.7095672478664696,0.4327409970363132,0.5420631632453285,0.43891452091119126,0.6284015000828457
120,48,0.4492313311835188,0.6756696122575176,0.6465568949865954,0.6211347349092666,0.5004460150064044,0.6193608106258031,0.34782474214590947,0.6104674481826322
121,28,0.4346680878332949,0.32314921189218987,0.44958880110696076,0.39090052429946287,0.5741264899686958,0.23594732626969278,0.2951593411965645,0.44839082616765075
122,27,0.7672004562948073,0.445093941644968,0.3901512734334166,0.44324783350946323,0.30541134317741986,0.3781987080658018,0.29693562216201924,0.39714345806989276
123,31,0.32325550383879575,0.7655758011429715,0.29827425358354626,0.31695464455524375,0.20757311094258146,0.2328553239568118,0.4296859498005965,0.4302319499137234
124,50,0.5247610992051345,0.6893634303668948,0.6070405640578305,0.40529805342745145,0.45030941811137115,0.4287610646882384,0.6723071129409268,0.5037974735928491
125,25,0.32902627439091897,0.8950488816074035,0.7383149440101926,0.532268475498102,0.4497442406615069,0.22951987104272328,0.4283892657035331,0.6062055244856458
126,58,0.4751450094299849,0.8501178066056299,0.871466088979302,0.5829908133673866,0.6446155154555041,0.5999213205670677,0.21128845915092162,0.7024039495710902
127,59,0.23598149817694353,0.23384070838729198,0.3922981283189587,0.2383940568610932,0.34655323775519414,0.3647288839907018,0.5302244745760881,0.3908467397572857
128,21,0.5458206505870892,0.23137592923058845,0.28947678619975403,0.19611059806805115,0.17207788350390962,0.2645479016087995,0.6308772700190731,0.2752447808076181
129,64,0.4063724370550111,0.5742596769360684,0.669174700979179,0.4391662230080729,0.5701853007168407,0.375687293164122,0.5284450513960504,0.5417237561675652
130,38,0.8831351285210493,0.7666353970396383,0.6909512530290001,0.40989813040126355,0.5770019563377439,0.6091790467151799,0.8100088800974447,0.5118777460887076
131,35,0.8034564790738826,0.9150521943292999,0.5987190710249897,0.5893683076004005,0.4827322950374116,0.4927418001284845,0.1469463186572799,0.5829230192714798
132,40,0.32564340172719136,0.7025611679757318,0.5005212585792043,0.4735007962542536,0.37993244349147753,0.3444495757498998,0.8555612486313974,0.4887636810391149
133,62,0.48311320580331835,0.7180696570969715,0.47858954741013043,0.6424099064893412,0.490713904392649,0.5981350156752131,0.18326120578212013,0.5915740428767984
134,14,0.32529207313160513,0.7496200769614293,0.5606841855094269,0.58663428633207,0.6048825932285449,0.39024251152069295,0.5369367746430987,0.5889543674534521
135,42,0.7125140965502711,0.37442408173558284,0.305450213905135,0.3218482785526305,0.33596494687737133,0.36980482923731833,0.5111061377958194,0.3432648279577478
136,39,0.5405151843296891,0.7934154584776587,0.5879389361994561,0.4760335594776731,0.6200737840643105,0.33783019379336143,0.15883299812121673,0.5796708174810974
137,8,0.3715144161302075,0.6760553063211874,0.49693025744535546,0.33170215893549,0.3585293121325673,0.3872595470147834,0.3106745927196916,0.5004265095946685
138,5,0.45487461396938156,0.2762605502381195,0.5777734447253285,0.3627378952929656,0.35079176365246634,0.5108594277959296,0.6948104998497168,0.42894113253320537
139,53,0.27669157472297246,0.48277147591356423,0.3864077578809081,0.46747351210431387,0.2630189432930395,0.2529846599353629,0.19464844584430485,0.46219286478355065
140,65,0.3785616363251229,0.8002731594211429,0.5917112379183866,0.43140974082183425,0.5398178835162776,0.4995689589475835,0.12582323483406677,0.6078698025163001
141,6,0.45896572323769114,0.431396106176385,0.2752771681630649,0.3772498143450818,0.27050605861068044,0.14608540533618533,0.7653442666458633,0.3343571351769394
142,44,0.423110868794992,0.7245258823462642,0.5825027797627514,0.45867093032638817,0.45792935608288504,0.3788998378480715,0.6759008232442201,0.5220825488827107
143,9,0.6273793800659754,0.6082799397941645,0.3615949373112055,0.2530359236285255,0.30028599300572933,0.11427975569626309,0.1340190136755069,0.38732850101094807
144,46,0.3802059671957629,0.3610701315320057,0.6924281804324931,0.3933205989676485,0.30035314226416177,0.30984875850349447,0.6545326581457411,0.4528279958447792
145,18,0.7859004199134855,0.48640728099837655,0.5646486285403903,0.5256298811230458,0.47716510681717866,0.6341738860526706,0.7589559120469471,0.4670171211765874
146,55,0.6547683683037518,0.502581742127919,0.3788928848738522,0.3303031596363652,0.45240186294008067,0.23842045903969558,0.26830140083487003,0.4078551935241158
147,30,0.7199907223487353,0.27494216945062866,0.5192791308085634,0.4572474972753675,0.3290760345776409,0.31949590702105796,0.5710483729529215,0.3789337555562121
148,33,0.8010218799661919,0.5245275868581717,0.554243274605695,0.5370994543179952,0.3528601299994884,0.4239684886657904,0.28641811114184085,0.4659291062625348
149,22,0.3572647686955724,0.500099991023053,0.38613081314760306,0.3812985348371899,0.38386458873086315,0.3995394036535912,0.2603301526454332,0.46909221779889654
150,42,0.5914249313703268,0.5455654766843363,0.4985941996678148,0.4337152974826083,0.37207250083274385,0.4791057177694751,0.5532482117132552,0.45892725272028906
151,34,0.2990964169767101,0.6562262821502605,0.7196987943136833,0.5362204113024434,0.5185238668267153,0.36151126311084447,0.5893458047857681,0.5816847599846099
152,9,0.49864550344759373,0.5141728521553357,0.7308990877865998,0.4555246434228296,0.5485759330165363,0.49384853898142456,0.16915385421717258,0.5740511933298755
153,57,0.8106624866166587,0.7166247193807114,0.5516996855139868,0.5583006597643507,0.5467095707276681,0.49284312691426047,0.1891635220524705,0.5413826830070622
154,56,0.7144042512943669,0.6960578999508349,0.8357867526143854,0.7438434075184928,0.5133875932318693,0.5111025425844344,0.4466602305522505,0.6149987142551719
155,64,0.5574549560207034,0.6744239064452322,0.6056115151995266,0.5520648849637088,0.37148320230414955,0.2898833442726644,0.550058217982079,0.5021058080191717
156,41,0.1707879499605739,0.4699521613526953,0.5396987194259097,0.2859020493596031,0.26205318204381717,0.2214772532136881,0.40659477860386073,0.4557032381881375
157,60,0.5547981707535871,0.7999413593851127,0.4537251657312371,0.4080100477402604,0.22309549899361847,0.043741974538071604,0.7930552911287746,0.3993834978941781
158,45,0.5440070190594691,0.5940090655281912,0.5003389707990815,0.3948881364204309,0.4893614735267795,0.40284551174501787,0.5711568931935836,0.4732898800509348
159,27,0.41524584223407496,0.6802477840821249,0.5765945582638751,0.5600922376320139,0.378183273443112,0.34028125515564955,0.5163989160286369,0.5281063928326895
160,19,0.6708430502846406,0.7714790478449605,0.5312761465192648,0.5873231035416135,0.32001559822167336,0.34778687680654785,0.1868040079114979,0.5213378348207554
161,15,0.553972278499141,0.5866849698954606,0.4274063111790867,0.5236954322996019,0.3401048575586358,0.2394159495920787,0.7386835443046159,0.4228359180620368
162,41,0.7963588154716467,0.5005810978856685,0.517418133327532,0.45813301692496355,0.3920188896821949,0.39014484991381704,0.41361689393907913,0.43399832589921605
163,51,0.5494255241487758,0.1495549656526284,0.48918777806616714,0.5188435745993754,0.36989324086838327,0.24538852416770157,0.4694361489158095,0.3915385333811585
164,38,0.4466838007624141,0.952378237528192,0.311002388930043,0.6541377726258253,0.29255025861003964,0.38454323101640464,0.7484035471546567,0.503937247458915
165,48,0.65112610000696,0.2490100742612457,0.39389164472367433,0.35463136658958516,0.4907473235023989,0.39413190548201976,0.6189031285692389,0.3706915091425325
166,2,0.4570752590408312,0.9076041494538882,0.5436758343006012,0.5469544395580895,0.5889076590177875,0.23553045176178125,0.1640496187436447,0.5950607618107328
167,8,0.5277556924981854,0.6292813502942551,0.6987919158709008,0.43725884229858103,0.4212033160823706,0.4809938616666108,0.3417530160587704,0.5458665034061115
168,58,0.6351778264314643,0.5923995962597437,0.5661345486345324,0.6021211690264414,0.5112021314220645,0.47305612237765093,0.653233365797788,0.5115017002928752
169,46,0.8639606364215339,0.8937317885318222,0.44791682269002375,0.5792883443416199,0.548427920769014,0.3797771561917583,0.3816662651536603,0.5161319631371208
170,43,0.45277068832539075,0.7889285099718437,0.5291113135235108,0.5208801816410009,0.5868536932942291,0.39151510003658474,0.6979545079772124,0.5453087254246078
171,9,0.25025210168163187,0.5766766986217949,0.48351702593725354,0.439321874073347,0.23847234747514176,0.2721990057297696,0.5385891287754966,0.4671907616152975
172,12,0.4892025002388013,0.782655251912349,0.5555908198501314,0.5495543681207353,0.47445551830504396,0.5986332175657718,0.39742765457819057,0.582248899446231
173,19,0.16343031029461533,0.5314916881307256,0.5063565682773424,0.4766459227148006,0.34806294599710164,0.31226456548597725,0.6060857774800334,0.49740678604901534
174,63,0.46923953718043904,0.7574054233899551,0.494641021790265,0.4744493985405607,0.400086285372681,0.37344683797461276,0.4149687540888941,0.5179596408436914
175,8,0.41081653645713156,0.8377651499426997,0.5198353919296801,0.703915175588573,0.4825433024703833,0.4693865436779262,0.6443015345127513,0.585459940193126
176,6,0.7670973584696577,0.8629276313480932,0.6557365961209879,0.6275328428574651,0.2968636723760917,0.5185956306275337,0.312134877646718,0.5610489645075543
177,57,0.29980321203842625,0.6881293609696869,0.45428658169820546,0.5218013429162516,0.14337216519280718,0.43136796516803255,0.42378290063462415,0.5004074061723985
178,44,0.7855421768606529,0.4903630160665862,0.3646915090504279,0.4445145600033318,0.4451754821109051,0.17545886760266052,0.6026629690926902,0.3677094033012119
179,60,0.12110479465383592,0.5386061204188987,0.18140299394637804,0.26683724273349285,0.283893923718762,0.09293082791686344,0.6459567316907446,0.367417175777512
180,60,0.46763406656704626,0.8399691280341258,0.6945651230084681,0.6059182998510748,0.7696527235085462,0.47024026104254335,0.7469215876820412,0.6292127293456776
181,11,0.5087530111174203,0.4064985491302363,0.251937413086357,0.32625872638467657,0.29759012186870293,0.34183148278585984,0.6166034417853798,0.34975734479630977
182,53,0.852075176567833,0.773244840727685,0.5699392223519444,0.6267347499593405,0.42469014571523367,0.37313008401444403,0.17074381542892103,0.5292667795083688
183,48,0.8136472077539463,0.7950256318008158,0.39383983540231043,0.453079697757748,0.3969137646051249,0.2812783348680816,0.3930218620636481,0.4424337889880753
184,32,0.41112792306682133,0.9764624523817518,0.8097037662712421,0.6881283028062717,0.6257282987783062,0.5000261008249787,0.040078362750720825,0.7351161897628798
185,48,0.38475452229923196,0.7394971315620217,0.44457478400965494,0.35006494633804985,0.41678320055227036,0.3100271035147033,0.20083523635800193,0.508865337734492
186,23,0.41171433351595044,0.6852404148871213,0.4178976681552555,0.42458771430365644,0.38210143330400176,0.2824890157397154,0.26891742659445506,0.4893915160331121
187,50,0.840444404682673,0.4163477736364563,0.4085312037740244,0.4532113252559288,0.2945166947545219,0.20254369012135295,0.20246481666912652,0.3725138746686776
188,52,0.5061773261642196,0.8398470399719296,0.5757620491428475,0.5196710423576988,0.5800268045794991,0.388282969823599,0.571344993116811,0.5639005869089362
189,4,0.7540843642385996,0.2706734934387542,0.6449630751985087,0.519390109009164,0.43176155810317296,0.38918329058964873,0.3579622685276471,0.44834261196095504
190,26,0.6548525417897371,0.8683124947800984,0.6238199668641278,0.605163519331784,0.5970012612253566,0.43502270483605626,0.6195502434033574,0.5750596814597717
191,39,0.4759999272823444,0.7694019965454931,0.6746303993230387,0.5499457977754139,0.6698703110524586,0.383800032896101,0.7617384715579469,0.5782805069066652
192,22,0.3563321556420071,0.2602639001306007,0.37844968064131485,0.2109681754968239,0.19973731293319957,0.22399422982924314,0.7061737151910746,0.31954920061364106
193,31,0.47784090065202367,0.5760276263455861,0.5717559454413452,0.4763728727027327,0.40809532188811576,0.2363654951303676,0.3583438380120653,0.4926672402837319
194,37,0.5713947435445744,0.7035459697896875,0.7355433439105058,0.6582110637795726,0.4755046738072163,0.41355606162560793,0.46104971050791926,0.5843079349443921
195,24,0.8473284260310228,0.9051421154391013,0.702426852864682,0.6250951665878737,0.5159646347655481,0.45598405702194456,0.46715593886583584,0.5762780166534525
196,15,0.7939291489640472,0.21377487610940032,0.2364210248661494,0.16043106001057217,0.2562930485599968,0.2888368054369971,0.3782838198765743,0.25628581175817217
197,47,0.3933317038698377,0.441839992068795,0.41924847476834476,0.2233717944138392,0.2549620504902278,0.3191275857155502,0.41104651105881096,0.39632341871890625
198,48,0.8252165662302532,0.3842638172237009,0.45531534633356074,0.32423749797433066,0.22505776821283577,0.29748771861767553,0.7777084154191134,0.31388290097655075
199,16,0.2432578285530501,0.3952209533213523,0.25948874573432407,0.16911512565455294,0.25077511226136034,0.21398935100520455,0.3854661288291117,0.3580853733164687
200,23,0.6249140448395053,0.8358001852605945,0.6277390055932288,0.5589056050477061,0.3791674765186198,0.2895554880941664,0.6168893923666234,0.51969171518502
